<?xml version="1.0"?>
<doc>
    <assembly>
        <name>Syncfusion.SfBusyIndicator.WPF</name>
    </assembly>
    <members>
        <member name="T:Syncfusion.Windows.Controls.Notification.AnimationTypes">
            <summary>
            Represents a list of animation types that allows the user to select and apply for the
            control.
            </summary>
            <remarks>
            <para></para>
            </remarks>
        </member>
        <member name="F:Syncfusion.Windows.Controls.Notification.AnimationTypes.BarChart">
            <summary>
            Represents a BarChart type animation that allows the user to select and apply for the control.
            </summary>
        </member>
        <member name="F:Syncfusion.Windows.Controls.Notification.AnimationTypes.Clock">
            <summary>
            Represents a Clock type animation that allows the user to select and apply for the control.
            </summary>
        </member>
        <member name="F:Syncfusion.Windows.Controls.Notification.AnimationTypes.Message">
            <summary>
            Represents a Message type animation that allows the user to select and apply for the control.
            </summary>
        </member>
        <member name="F:Syncfusion.Windows.Controls.Notification.AnimationTypes.DoubleRing">
            <summary>
            Represents a DoubleRing type animation that allows the user to select and apply for the control.
            </summary>
        </member>
        <member name="F:Syncfusion.Windows.Controls.Notification.AnimationTypes.DualRing">
            <summary>
            Represents a DualRing type animation that allows the user to select and apply for the control.
            </summary>
        </member>
        <member name="F:Syncfusion.Windows.Controls.Notification.AnimationTypes.Ripple">
            <summary>
            Represents a Ripple type animation that allows the user to select and apply for the control.
            </summary>
        </member>
        <member name="F:Syncfusion.Windows.Controls.Notification.AnimationTypes.DotCircle">
            <summary>
            Represents a DotCircle type animation that allows the user to select and apply for the control.
            </summary>
        </member>
        <member name="F:Syncfusion.Windows.Controls.Notification.AnimationTypes.Cupertino">
            <summary>
            Represents a Cupertino type animation that allows the user to select and apply for the control.
            </summary>
        </member>
        <member name="F:Syncfusion.Windows.Controls.Notification.AnimationTypes.Flower">
            <summary>
            Represents a flower type animation that allows the user to select and apply for the
            control.
            </summary>
        </member>
        <member name="F:Syncfusion.Windows.Controls.Notification.AnimationTypes.Gear">
            <summary>
            Represents a Gear type animation that allows the user to select and apply for the
            control.
            </summary>
        </member>
        <member name="F:Syncfusion.Windows.Controls.Notification.AnimationTypes.Liquid">
            <summary>
            Represents a Liquid type animation that allows the user to select and apply for the
            control.
            </summary>
        </member>
        <member name="F:Syncfusion.Windows.Controls.Notification.AnimationTypes.Box">
            <summary>
            Represents a Box type animation that allows the user to select and apply for the
            control.
            </summary>
        </member>
        <member name="F:Syncfusion.Windows.Controls.Notification.AnimationTypes.HorizontalPulsingBox">
            <summary>
            Represents a HorizontalPulsingBox type animation that allows the user to select and apply for the
            control.
            </summary>
        </member>
        <member name="F:Syncfusion.Windows.Controls.Notification.AnimationTypes.Rotation">
            <summary>
            Represents a Rotation type animation that allows the user to select and apply for the BusyIndicator        
            </summary>
        </member>
        <member name="F:Syncfusion.Windows.Controls.Notification.AnimationTypes.SliceBox">
            <summary>
            Represents a SliceBox type animation that allows the user to select and apply for the
            control.
            </summary>
        </member>
        <member name="F:Syncfusion.Windows.Controls.Notification.AnimationTypes.DoubleCircle">
            <summary>
            Represents a DoubleCircle type animation that allows the user to select and apply for the
            control.
            </summary>
        </member>
        <member name="F:Syncfusion.Windows.Controls.Notification.AnimationTypes.Drop">
            <summary>
            Represents a Drop type animation that allows the user to select and apply for the
            control.
            </summary>
        </member>
        <member name="F:Syncfusion.Windows.Controls.Notification.AnimationTypes.Ball">
            <summary>
            Represents a Ball type animation that allows the user to select and apply for the
            control.
            </summary>
        </member>
        <member name="F:Syncfusion.Windows.Controls.Notification.AnimationTypes.Delete">
            <summary>
            Represents a Delete type animation that allows the user to select and apply for the
            control.
            </summary>
        </member>
        <member name="F:Syncfusion.Windows.Controls.Notification.AnimationTypes.Sunny">
            <summary>
            Represents a Sunny type animation that allows the user to select and apply for the
            control.
            </summary>
        </member>
        <member name="F:Syncfusion.Windows.Controls.Notification.AnimationTypes.ECG">
            <summary>
            Represents a ECG type animation that allows the user to select and apply for the
            control.
            </summary>
        </member>
        <member name="F:Syncfusion.Windows.Controls.Notification.AnimationTypes.GPS">
            <summary>
            Represents a GPS type animation that allows the user to select and apply for the
            control.
            </summary>
        </member>
        <member name="F:Syncfusion.Windows.Controls.Notification.AnimationTypes.Pen">
            <summary>
            Represents a Pen type animation that allows the user to select and apply for the
            control.
            </summary>
        </member>
        <member name="F:Syncfusion.Windows.Controls.Notification.AnimationTypes.Globe">
            <summary>
            Represents a Globe type animation that allows the user to select and apply for the
            control.
            </summary>
        </member>
        <member name="F:Syncfusion.Windows.Controls.Notification.AnimationTypes.Print">
            <summary>
            Represents a Print type animation that allows the user to select and apply for the
            control.
            </summary>
        </member>
        <member name="F:Syncfusion.Windows.Controls.Notification.AnimationTypes.Rectangle">
            <summary>
            Represents a Rectangle type animation that allows the user to select and apply for the
            control.
            </summary>
        </member>
        <member name="F:Syncfusion.Windows.Controls.Notification.AnimationTypes.ArrowTrack">
            <summary>
            Represents a ArrowTrack type animation that allows the user to select and apply for the
            control.
            </summary>
        </member>
        <member name="F:Syncfusion.Windows.Controls.Notification.AnimationTypes.Temperature">
            <summary>
            Represents a Temperature type animation that allows the user to select and apply for the
            control.
            </summary>
        </member>
        <member name="F:Syncfusion.Windows.Controls.Notification.AnimationTypes.Umbrella">
            <summary>
            Represents a Umbrella type animation that allows the user to select and apply for the
            control.
            </summary>
        </member>
        <member name="F:Syncfusion.Windows.Controls.Notification.AnimationTypes.Battery">
            <summary>
            Represents a Battery type animation that allows the user to select and apply for the
            control.
            </summary>
        </member>
        <member name="F:Syncfusion.Windows.Controls.Notification.AnimationTypes.Windmill">
            <summary>
            Represents a Windmill type animation that allows the user to select and apply for the
            control.
            </summary>
        </member>
        <member name="F:Syncfusion.Windows.Controls.Notification.AnimationTypes.Rainy">
            <summary>
            Represents a Rainy type animation that allows the user to select and apply for the
            control.
            </summary>
        </member>
        <member name="F:Syncfusion.Windows.Controls.Notification.AnimationTypes.Snow">
            <summary>
            Represents a Snow type animation that allows the user to select and apply for the
            control.
            </summary>
        </member>
        <member name="F:Syncfusion.Windows.Controls.Notification.AnimationTypes.Flight">
            <summary>
            Represents a Flight type animation that allows the user to select and apply for the
            control.
            </summary>
        </member>
        <member name="F:Syncfusion.Windows.Controls.Notification.AnimationTypes.SingleCircle">
            <summary>
            Represents a SingleCircle type animation that allows the user to select and apply for the
            control.
            </summary>
        </member>
        <member name="F:Syncfusion.Windows.Controls.Notification.AnimationTypes.SlicedCircle">
            <summary>
            Represents a SlicedCircle type animation that allows the user to select and apply for the
            control.
            </summary>
        </member>
        <member name="T:Syncfusion.Windows.Controls.Notification.SfBusyIndicator">
            <summary>
            Represents a control that allows the user to define when another program is in progress
            </summary>
            <remarks>
            <para>The busy indicator control is an animation technique, used 
            to enable the user to know that another process is in progress.
            </para>
            </remarks>
            <seealso cref="T:Syncfusion.UI.Xaml.Controls.Notification.AnimationTypes"/>
        </member>
        <member name="F:Syncfusion.Windows.Controls.Notification.SfBusyIndicator.MinAnimationSpeed">
            <summary>
            MinAnimationSpeed field.
            </summary>
        </member>
        <member name="F:Syncfusion.Windows.Controls.Notification.SfBusyIndicator.MaxAnimationSpeed">
            <summary>
            MaxAnimationSpeed field.
            </summary>
        </member>
        <member name="F:Syncfusion.Windows.Controls.Notification.SfBusyIndicator.AnimationTypeProperty">
            <summary>
            Gets or sets the animation types of busyindicator. It is used to change the various types of animation.
            </summary>
            <remarks>This <see cref="!:BindableProperty"/> is read-only.</remarks>
        </member>
        <member name="F:Syncfusion.Windows.Controls.Notification.SfBusyIndicator.AnimationSpeedProperty">
            <summary>
            Gets or sets the animation speed of busyindicator. Using this property, you can change the speed of animation.
            </summary>
            <remarks>This <see cref="!:BindableProperty"/> is read-only.</remarks>
        </member>
        <member name="F:Syncfusion.Windows.Controls.Notification.SfBusyIndicator.ViewboxHeightProperty">
            <summary>
            Identifies ViewBoxHeight. It is used to change the height of the view box <see cref="!:BindableProperty"/>.
            </summary>  
            <remarks>This <see cref="!:BindableProperty"/> is read-only.</remarks>
        </member>
        <member name="F:Syncfusion.Windows.Controls.Notification.SfBusyIndicator.ViewboxWidthProperty">
            <summary>
            Identifies ViewBoxWidth. It is used to change the width of the view box <see cref="!:BindableProperty"/>.
            </summary>  
            <remarks>This <see cref="!:BindableProperty"/> is read-only.</remarks>
        </member>
        <member name="F:Syncfusion.Windows.Controls.Notification.SfBusyIndicator.IsBusyProperty">
            <summary>
            Identifies the IsBusy property of busy indicator. It is used to determine whether the animation of indiacator to be shown or not <see cref="!:BindableProperty"/>.
            </summary>
            <remarks>This <see cref="!:BindableProperty"/> is read-only.</remarks>
        </member>
        <member name="F:Syncfusion.Windows.Controls.Notification.SfBusyIndicator.HeaderProperty">
            <summary>
            Identifies the Header property of busy indicator. It is used to give the header to the  <see cref="T:Syncfusion.Windows.Controls.Notification.SfBusyIndicator"/>
            </summary>  
            <remarks>This <see cref="!:BindableProperty"/> is read-only.</remarks>
        </member>
        <member name="F:Syncfusion.Windows.Controls.Notification.SfBusyIndicator.HeaderTemplateProperty">
            <summary>
            Identifies HeaderTemplate. It is used to give the template to the header in <see cref="T:Syncfusion.Windows.Controls.Notification.SfBusyIndicator"/>.
            </summary>  
        </member>
        <member name="F:Syncfusion.Windows.Controls.Notification.SfBusyIndicator.busy">
            <summary>
            Busy indicator field.
            </summary>
        </member>
        <member name="F:Syncfusion.Windows.Controls.Notification.SfBusyIndicator.layoutRoot">
            <summary>
            Indicate whether the Animation Paused or not.
            </summary>
        </member>
        <member name="F:Syncfusion.Windows.Controls.Notification.SfBusyIndicator.storyBoard">
            <summary>
            storyBoard field.
            </summary>
        </member>
        <member name="F:Syncfusion.Windows.Controls.Notification.SfBusyIndicator.content">
            <summary>
            FrameworkElement Content.
            </summary>
            <seealso cref="T:Syncfusion.UI.Xaml.Controls.Notification.AnimationTypes"/>
        </member>
        <member name="F:Syncfusion.Windows.Controls.Notification.SfBusyIndicator.isPaused">
            <summary>
            storyBoard field.
            </summary>
        </member>
        <member name="M:Syncfusion.Windows.Controls.Notification.SfBusyIndicator.#ctor">
            <summary>
            Initializes a new instance of the <see cref="T:Syncfusion.Windows.Controls.Notification.SfBusyIndicator"/> class.
            </summary>
            <seealso cref="N:Syncfusion.UI.Xaml.Controls.Notification">Syncfusion.UI.Xaml.Controls.Notification Namespace
            </seealso>
        </member>
        <member name="M:Syncfusion.Windows.Controls.Notification.SfBusyIndicator.Dispose">
            <summary>
            Disposes the <see
            cref="T:Syncfusion.UI.Xaml.Controls.Notification.SfBusyIndicator"/> control while unloading.
            </summary>        
        </member>
        <member name="M:Syncfusion.Windows.Controls.Notification.SfBusyIndicator.OnApplyTemplate">
            <summary>
            Sets the State of Animation type of the<see
            cref="T:Syncfusion.UI.Xaml.Controls.Notification.SfBusyIndicator"/> control while applying template.
            </summary>
            <value>
            <c>true</c> if this instance is changed; otherwise, <c>false</c>.
            </value>
        </member>
        <member name="M:Syncfusion.Windows.Controls.Notification.SfBusyIndicator.OnAnimationTypeChanged(System.Windows.DependencyPropertyChangedEventArgs)">
            <summary>
            Sets the State of Animation type of the args<see cref="T:Syncfusion.UI.Xaml.Controls.Notification.SfBusyIndicator"/> control.
            </summary>
            <param name="args">DependencyPropertyChangedEventArgs as args</param>
            <value>
            <c>true</c> if this instance is changed; otherwise, <c>false</c>.
            </value>
        </member>
        <member name="M:Syncfusion.Windows.Controls.Notification.SfBusyIndicator.Dispose(System.Boolean)">
            <summary>
            Dispose Method to remove all the instance.
            </summary>
            <param name ="disposing">boolean as disposing </param>
        </member>
        <member name="M:Syncfusion.Windows.Controls.Notification.SfBusyIndicator.OnPropertyChanged(System.Windows.DependencyPropertyChangedEventArgs)">
            <summary>
            On property changed
            </summary>
            <param name="e">event args</param>
        </member>
        <member name="M:Syncfusion.Windows.Controls.Notification.SfBusyIndicator.BusyMethod">
            <summary>
            Busy method
            </summary>
        </member>
        <member name="M:Syncfusion.Windows.Controls.Notification.SfBusyIndicator.OnIsBusyChanged(System.Windows.DependencyObject,System.Windows.DependencyPropertyChangedEventArgs)">
            <summary>
            OnIsBusyChanged Method.
            </summary>
            <param name="d">DependencyObject as d.</param>
            <param name="e">DependencyPropertyEvent Argument as e.</param>
        </member>
        <member name="M:Syncfusion.Windows.Controls.Notification.SfBusyIndicator.OnAnimationSpeedChanged(System.Windows.DependencyObject,System.Windows.DependencyPropertyChangedEventArgs)">
            <summary>
            BusyIndicator Enabled Method.
            </summary>
            <param name="d">Dependency Object as d.</param>
            <param name="e">DependencyPropertyEvent Argument as e.</param>
        </member>
        <member name="M:Syncfusion.Windows.Controls.Notification.SfBusyIndicator.OnAnimationTypeChanged(System.Windows.DependencyObject,System.Windows.DependencyPropertyChangedEventArgs)">
            <summary>
            OnAnimationTypeChanged Method.
            </summary>
            <param name="sender">DependencyObject as sender.</param>
            <param name="e">DependencyPropertyEvent Argument as e.</param>
        </member>
        <member name="M:Syncfusion.Windows.Controls.Notification.SfBusyIndicator.SfBusyIndicator_Unloaded(System.Object,System.Windows.RoutedEventArgs)">
            <summary>
            BusyIndicator UnLoaded Method.
            </summary>
            <param name="sender">object as sender.</param>
            <param name="e">RoutedEvent Argument as e.</param>
        </member>
        <member name="M:Syncfusion.Windows.Controls.Notification.SfBusyIndicator.SfBusyIndicator_Loaded(System.Object,System.Windows.RoutedEventArgs)">
            <summary>
            BusyIndicator Loaded Method.
            </summary>
            <param name="sender">object as sender.</param>
            <param name="e">RoutedEvent Argument as e.</param>
        </member>
        <member name="M:Syncfusion.Windows.Controls.Notification.SfBusyIndicator.SfBusyIndicator_IsEnabledChanged(System.Object,System.Windows.DependencyPropertyChangedEventArgs)">
            <summary>
            BusyIndicator Enabled Method.
            </summary>
            <param name="sender">object as sender.</param>
            <param name="e">DependencyPropertyEvent Argument as e.</param>
        </member>
        <member name="M:Syncfusion.Windows.Controls.Notification.SfBusyIndicator.UpdateVisualState">
            <summary>
            UpdateVisualState Method.
            </summary>
        </member>
        <member name="P:Syncfusion.Windows.Controls.Notification.SfBusyIndicator.AnimationType">
            <summary>
            Gets or sets the AnimationType of the <see
            cref="T:Syncfusion.UI.Xaml.Controls.Notification.SfBusyIndicator"/>
            </summary>
            <value>
            The default value is <see cref="P:Syncfusion.UI.Xaml.Controls.Notification.AnimationTypes.Flower">AnimationTypes.Flower</see>.
            </value>
            <seealso
            cref="P:Syncfusion.UI.Xaml.Controls.Notification.SfBusyIndicator.OnAnimationTypeChanged"/>
            <seealso cref="T:Syncfusion.UI.Xaml.Controls.Notification.SfBusyIndicator"/>
        </member>
        <member name="P:Syncfusion.Windows.Controls.Notification.SfBusyIndicator.AnimationSpeed">
            <summary>
            Gets or sets the Maximum and Minimum  AnimationSpeed. Using this property, you can change the speed of animation.
            </summary>
        </member>
        <member name="P:Syncfusion.Windows.Controls.Notification.SfBusyIndicator.ViewboxHeight">
            <summary>
            Gets or sets the ViewBox Height of the <see cref="T:Syncfusion.UI.Xaml.Controls.Notification.SfBusyIndicator"/> 
            </summary>
            <value>
            The default value is 0.0.
            </value>
        </member>
        <member name="P:Syncfusion.Windows.Controls.Notification.SfBusyIndicator.ViewboxWidth">
            <summary>
            Gets or sets the ViewBox Width of the <see
            cref="T:Syncfusion.UI.Xaml.Controls.Notification.SfBusyIndicator"/> 
            </summary>
            <value>
            The default value is 0.0.
            </value>
        </member>
        <member name="P:Syncfusion.Windows.Controls.Notification.SfBusyIndicator.IsBusy">
            <summary>
            Gets or sets a value indicating whether <see
            cref="T:Syncfusion.UI.Xaml.Controls.Notification.SfBusyIndicator"/> is busy.
            </summary>
            <value>
            <c>true</c> if this instance is selected; otherwise, <c>false</c>.
            </value>
        </member>
        <member name="P:Syncfusion.Windows.Controls.Notification.SfBusyIndicator.Header">
            <summary>
            Gets or sets the Header of the <see
            cref="T:Syncfusion.UI.Xaml.Controls.Notification.SfBusyIndicator"/>
            </summary>
            <value>
            The default value is null.
            </value>
        </member>
        <member name="P:Syncfusion.Windows.Controls.Notification.SfBusyIndicator.HeaderTemplate">
            <summary>
            Gets or sets the HeaderTemplate of the <see
            cref="T:Syncfusion.UI.Xaml.Controls.Notification.SfBusyIndicator"/>
            </summary>
            <value>
            The default value is null.
            </value>
        </member>
        <member name="T:Syncfusion.Windows.Controls.Notification.BusyIndicatorBrushToColorConverter">
            <summary>
            Represents a convertor that converts brush to color
            </summary>
        </member>
        <member name="M:Syncfusion.Windows.Controls.Notification.BusyIndicatorBrushToColorConverter.Convert(System.Object,System.Type,System.Object,System.Globalization.CultureInfo)">
            <summary>
            Converts brush to color
            </summary>
            <param name="value">input value</param>
            <param name="targetType"> target type</param>
            <param name="parameter">input parameter</param>
            <param name="language">input language</param>
            <returns>converted value as object</returns>
        </member>
        <member name="M:Syncfusion.Windows.Controls.Notification.BusyIndicatorBrushToColorConverter.ConvertBack(System.Object,System.Type,System.Object,System.Globalization.CultureInfo)">
            <summary>
            Converts back into default type
            </summary>
            <param name="value">input value</param>
            <param name="targetType"> target type</param>
            <param name="parameter">input parameter</param>
            <param name="language">input language</param>
            <returns>converted value as object</returns>
        </member>
        <member name="T:Syncfusion.SfBusyIndicatorBaseAssembly">
            <summary>
            SharedBase assembly class.
            </summary>
            <exclude/>
        </member>
        <member name="F:Syncfusion.SfBusyIndicatorBaseAssembly.Name">
            <summary>
            Name of the assembly.
            </summary>
        </member>
        <member name="F:Syncfusion.SfBusyIndicatorBaseAssembly.Assembly">
            <summary>
            Defines assembly object reference variable.
            </summary>
        </member>
        <member name="F:Syncfusion.SfBusyIndicatorBaseAssembly.RootNamespace">
            <summary>
            Root namespace of the assembly.
            </summary>
        </member>
        <member name="M:Syncfusion.SfBusyIndicatorBaseAssembly.AssemblyResolver(System.Object,System.ResolveEventArgs)">
            <summary>
            Assemblies the resolver.
            </summary>
            <param name="sender">The sender.</param>
            <param name="e">The <see cref="T:System.ResolveEventArgs"/> instance containing the event data.</param>
            <returns>Assembly object.</returns>
        </member>
        <member name="T:Syncfusion.Windows.Controls.Notification.Properties.Resources">
            <summary>
              A strongly-typed resource class, for looking up localized strings, etc.
            </summary>
        </member>
        <member name="P:Syncfusion.Windows.Controls.Notification.Properties.Resources.ResourceManager">
            <summary>
              Returns the cached ResourceManager instance used by this class.
            </summary>
        </member>
        <member name="P:Syncfusion.Windows.Controls.Notification.Properties.Resources.Culture">
            <summary>
              Overrides the current thread's CurrentUICulture property for all
              resource lookups using this strongly typed resource class.
            </summary>
        </member>
    </members>
</doc>
